Column1,Column2,Column3
0.8735821089904802,0.9458922419098631,0.4959322729392265
0.7274509054935941,0.36539743186018225,0.24814127403664465
0.33538838111034874,0.8654875341669171,0.22588306967831218
0.5136643542071335,0.17722388019104174,0.22614156295669297
0.7350653611277438,0.24545191754270002,0.26528735129076986
